magnitude_band,total_earthquakes,average_magnitude,max_magnitude,average_depth_km
Micro,115430,0.9397335875245604,1.99000001,14.70080907065434
Minor,26026,2.506051201937884,3.99,26.20968479923185
Light,12628,4.395679638041955,4.92,96.60445102153037
Moderate,1405,5.222925266903915,5.9,55.82877494661921
Strong,89,6.269662921348314,6.9,88.97486516853932
Major,10,7.2,7.5,97.1166
Unknown,9,,,2.303333333333333
